i,q
0.46291004988627571,0.15430334996209191
-0.77151674981045948,0.77151674981045948
0.77151674981045948,-0.46291004988627571
-0.46291004988627571,0.15430334996209191
-0.77151674981045948,0.46291004988627571
0.77151674981045948,-0.15430334996209191
0.46291004988627571,-0.77151674981045948
0.46291004988627571,-0.15430334996209191
1.0801234497346432,1.0801234497346432
-0.15430334996209191,-0.77151674981045948
0.77151674981045948,0.46291004988627571
-0.46291004988627571,0.46291004988627571
0.15430334996209191,0.15430334996209191
0.15430334996209191,0.77151674981045948
-0.77151674981045948,0.46291004988627571
-0.77151674981045948,-0.15430334996209191
-0.77151674981045948,0.77151674981045948
0.46291004988627571,-0.15430334996209191
0.15430334996209191,1.0801234497346432
1.0801234497346432,0.15430334996209191
0.46291004988627571,0.46291004988627571
-0.77151674981045948,1.0801234497346432
1.0801234497346432,-0.46291004988627571
1.0801234497346432,0.15430334996209191
0.46291004988627571,0.77151674981045948
0.46291004988627571,-0.46291004988627571
-0.77151674981045948,-1.0801234497346432
-1.0801234497346432,0.77151674981045948
-0.46291004988627571,-0.77151674981045948
-0.15430334996209191,0.15430334996209191
-1.0801234497346432,0.15430334996209191
1.0801234497346432,-1.0801234497346432
-0.15430334996209191,0.77151674981045948
0.46291004988627571,0.15430334996209191
-0.77151674981045948,0.46291004988627571
-0.46291004988627571,0.15430334996209191
-1.0801234497346432,1.0801234497346432
0.46291004988627571,0.77151674981045948
0.77151674981045948,-0.77151674981045948
-0.77151674981045948,0.77151674981045948
0.46291004988627571,0.46291004988627571
-1.0801234497346432,0.46291004988627571
-0.15430334996209191,-0.77151674981045948
-0.77151674981045948,-0.46291004988627571
0.46291004988627571,1.0801234497346432
-0.46291004988627571,0.46291004988627571
-0.15430334996209191,0.77151674981045948
-0.15430334996209191,0.46291004988627571
-0.15430334996209191,0.77151674981045948
-0.46291004988627571,-0.77151674981045948
0.15430334996209191,-0.15430334996209191
0.77151674981045948,0.15430334996209191
-0.15430334996209191,1.0801234497346432
-0.77151674981045948,0.15430334996209191
-1.0801234497346432,-0.77151674981045948
-0.77151674981045948,-1.0801234497346432
-1.0801234497346432,0.46291004988627571
-1.0801234497346432,0.46291004988627571
-1.0801234497346432,1.0801234497346432
0.15430334996209191,0.77151674981045948
0.77151674981045948,-0.15430334996209191
0.77151674981045948,0.77151674981045948
0.46291004988627571,-0.77151674981045948
0.15430334996209191,0.77151674981045948
-0.46291004988627571,0.46291004988627571
1.0801234497346432,-0.15430334996209191
0.46291004988627571,-1.0801234497346432
0.46291004988627571,0.77151674981045948
0.46291004988627571,0.77151674981045948
0.77151674981045948,1.0801234497346432
0.46291004988627571,0.15430334996209191
1.0801234497346432,-0.15430334996209191
0.15430334996209191,-0.46291004988627571
0.15430334996209191,-0.46291004988627571
-0.46291004988627571,-1.0801234497346432
1.0801234497346432,0.15430334996209191
0.15430334996209191,-0.15430334996209191
-0.15430334996209191,1.0801234497346432
-0.46291004988627571,0.15430334996209191
-0.46291004988627571,-0.77151674981045948
0.46291004988627571,-1.0801234497346432
-0.15430334996209191,0.15430334996209191
0.15430334996209191,0.15430334996209191
0.46291004988627571,-0.46291004988627571
1.0801234497346432,-0.77151674981045948
-0.46291004988627571,0.46291004988627571
0.46291004988627571,-0.15430334996209191
1.0801234497346432,-0.77151674981045948
-0.15430334996209191,0.46291004988627571
-0.46291004988627571,-1.0801234497346432
-0.46291004988627571,-0.46291004988627571
-0.46291004988627571,0.46291004988627571
0.46291004988627571,-1.0801234497346432
-0.46291004988627571,-1.0801234497346432
0.77151674981045948,0.46291004988627571
-0.46291004988627571,0.77151674981045948
-1.0801234497346432,0.15430334996209191
-1.0801234497346432,-1.0801234497346432
-1.0801234497346432,-0.77151674981045948
0.46291004988627571,-1.0801234497346432
-0.46291004988627571,0.77151674981045948
-0.46291004988627571,-0.46291004988627571
0.15430334996209191,1.0801234497346432
-1.0801234497346432,0.15430334996209191
0.15430334996209191,-0.46291004988627571
0.15430334996209191,1.0801234497346432
-1.0801234497346432,-0.46291004988627571
-0.77151674981045948,-0.15430334996209191
-0.15430334996209191,-1.0801234497346432
-0.46291004988627571,-0.15430334996209191
1.0801234497346432,0.15430334996209191
-0.15430334996209191,0.15430334996209191
0.46291004988627571,-0.77151674981045948
-0.77151674981045948,-0.77151674981045948
0.77151674981045948,-0.15430334996209191
-0.77151674981045948,0.46291004988627571
0.77151674981045948,-0.77151674981045948
-0.15430334996209191,0.77151674981045948
-0.15430334996209191,-0.46291004988627571
-0.15430334996209191,0.77151674981045948
0.15430334996209191,-0.46291004988627571
-0.46291004988627571,-1.0801234497346432
-1.0801234497346432,1.0801234497346432
-0.46291004988627571,-0.15430334996209191
1.0801234497346432,1.0801234497346432
-0.46291004988627571,-0.77151674981045948
0.46291004988627571,-0.46291004988627571
-0.46291004988627571,-1.0801234497346432
0.77151674981045948,0.46291004988627571
-0.15430334996209191,0.77151674981045948
0.15430334996209191,0.15430334996209191
-0.77151674981045948,0.46291004988627571
0.15430334996209191,0.77151674981045948
-0.15430334996209191,1.0801234497346432
0.46291004988627571,0.46291004988627571
-0.77151674981045948,1.0801234497346432
0.15430334996209191,0.77151674981045948
0.77151674981045948,0.46291004988627571
-0.15430334996209191,0.46291004988627571
-0.77151674981045948,-0.15430334996209191
-1.0801234497346432,0.15430334996209191
0.77151674981045948,1.0801234497346432
0.15430334996209191,-1.0801234497346432
-0.77151674981045948,-0.15430334996209191
-0.46291004988627571,-0.46291004988627571
0.77151674981045948,-1.0801234497346432
-0.46291004988627571,1.0801234497346432
0.15430334996209191,1.0801234497346432
0.77151674981045948,-0.15430334996209191
-0.77151674981045948,0.46291004988627571
0.77151674981045948,1.0801234497346432
0.77151674981045948,-1.0801234497346432
-0.46291004988627571,0.46291004988627571
-0.77151674981045948,1.0801234497346432
-0.46291004988627571,0.77151674981045948
-1.0801234497346432,0.46291004988627571
-0.15430334996209191,-0.15430334996209191
0.15430334996209191,1.0801234497346432
0.77151674981045948,-0.77151674981045948
0.15430334996209191,-0.46291004988627571
-1.0801234497346432,0.77151674981045948
0.46291004988627571,-1.0801234497346432
-1.0801234497346432,0.77151674981045948
-0.77151674981045948,-0.15430334996209191
1.0801234497346432,0.46291004988627571
-0.77151674981045948,1.0801234497346432
0.15430334996209191,0.15430334996209191
0.46291004988627571,-0.15430334996209191
0.77151674981045948,0.15430334996209191
-1.0801234497346432,0.46291004988627571
0.77151674981045948,0.46291004988627571
1.0801234497346432,-1.0801234497346432
0.46291004988627571,0.15430334996209191
-0.15430334996209191,-0.15430334996209191
-0.46291004988627571,-0.77151674981045948
0.15430334996209191,1.0801234497346432
0.46291004988627571,-0.15430334996209191
-0.46291004988627571,0.15430334996209191
0.46291004988627571,-0.15430334996209191
-0.77151674981045948,-0.15430334996209191
-0.46291004988627571,-1.0801234497346432
-1.0801234497346432,-1.0801234497346432
-0.46291004988627571,-0.46291004988627571
-0.77151674981045948,0.46291004988627571
0.77151674981045948,0.15430334996209191
0.77151674981045948,1.0801234497346432
0.77151674981045948,1.0801234497346432
1.0801234497346432,0.77151674981045948
0.46291004988627571,-1.0801234497346432
-0.15430334996209191,0.15430334996209191
0.15430334996209191,0.46291004988627571
-0.15430334996209191,-1.0801234497346432
-0.15430334996209191,0.77151674981045948
-0.46291004988627571,-0.77151674981045948
0.46291004988627571,0.15430334996209191
1.0801234497346432,0.46291004988627571
-0.77151674981045948,-0.46291004988627571
-1.0801234497346432,-0.15430334996209191
-0.15430334996209191,-1.0801234497346432
-0.15430334996209191,-0.46291004988627571
-0.15430334996209191,-0.46291004988627571
-0.77151674981045948,-0.46291004988627571
-0.77151674981045948,-0.46291004988627571
-0.77151674981045948,1.0801234497346432
0.15430334996209191,0.46291004988627571
0.77151674981045948,-0.77151674981045948
-0.15430334996209191,0.77151674981045948
-0.77151674981045948,0.46291004988627571
-0.15430334996209191,-0.15430334996209191
0.15430334996209191,-0.15430334996209191
1.0801234497346432,-0.15430334996209191
-0.46291004988627571,1.0801234497346432
-0.77151674981045948,1.0801234497346432
0.15430334996209191,-1.0801234497346432
-1.0801234497346432,-0.15430334996209191
-0.46291004988627571,0.46291004988627571
-0.77151674981045948,-0.46291004988627571
-0.46291004988627571,-0.46291004988627571
-0.77151674981045948,-1.0801234497346432
-0.46291004988627571,-0.46291004988627571
-0.46291004988627571,0.77151674981045948
-1.0801234497346432,0.46291004988627571
-0.46291004988627571,0.77151674981045948
-0.15430334996209191,0.77151674981045948
-1.0801234497346432,0.77151674981045948
1.0801234497346432,-1.0801234497346432
1.0801234497346432,-1.0801234497346432
1.0801234497346432,0.15430334996209191
-1.0801234497346432,1.0801234497346432
-1.0801234497346432,-0.77151674981045948
1.0801234497346432,0.77151674981045948
1.0801234497346432,-0.46291004988627571
0.77151674981045948,-0.15430334996209191
-1.0801234497346432,1.0801234497346432
0.46291004988627571,-0.46291004988627571
0.46291004988627571,1.0801234497346432
-0.46291004988627571,-0.46291004988627571
1.0801234497346432,-0.77151674981045948
0.77151674981045948,-1.0801234497346432
-0.77151674981045948,-0.46291004988627571
0.15430334996209191,0.15430334996209191
-0.46291004988627571,0.46291004988627571
0.77151674981045948,-0.46291004988627571
-0.15430334996209191,-1.0801234497346432
0.77151674981045948,1.0801234497346432
-0.46291004988627571,0.77151674981045948
0.46291004988627571,-0.46291004988627571
0.15430334996209191,-0.77151674981045948
-0.15430334996209191,-0.46291004988627571
-1.0801234497346432,-1.0801234497346432
1.0801234497346432,0.77151674981045948
-0.15430334996209191,-0.15430334996209191
-0.46291004988627571,0.46291004988627571
1.0801234497346432,-1.0801234497346432
-1.0801234497346432,-1.0801234497346432
-1.0801234497346432,0.46291004988627571
