symbol_count,input,mode,evm_pct,data_aided_evm_pct,same_output_data_aided_evm_pct,zero_dc_reference_evm_pct,blind_truth_metric_error_pct,decision_errors,dc_abs_error_to_reference,gain_relative_error_to_reference,gain_phase_error_deg,dc_real,dc_imag,estimated_cfo_hz,cfo_error_hz,cfo_grid_resolution_hz,cfo_uncertainty_hz,boundary_hit,evm_before_cfo_pct,timing_offset_symbols,timing_error_symbols,joint_converged,valid_symbols,accepted_by_default_gate
256,ideal,legacy_mean,8.630310136196098,1.0455242749284286,8.630310136196096,1.0469659660070332,1.7763568394002505e-15,0,0.0593097521801182,0.00011010814020384618,1.892527166402472e-15,-0.04346172929700939,0.03980577155376072,0.0,0.0,6.25,,False,8.630310136196098,0.0,0.0,,234,True
256,ideal,decision_directed_joint,1.0455242749284288,1.0455242749284286,1.0455242749284288,1.0469659660070332,0.0,0,2.043742664030096e-17,1.114292850487742e-16,5.451654201753294e-16,0.0002959080154197463,-0.00023066036144552687,0.0,0.0,6.25,,False,1.0455242749284288,0.0,0.0,True,234,True
256,dc,legacy_mean,8.630310136196098,1.0455242749284304,8.630310136196096,10.33488874424115,1.7763568394002505e-15,0,0.059309752180118226,0.00011010814020429027,2.029313240567425e-15,0.012891789512195303,-0.0024593675531428337,0.0,0.0,6.25,,False,8.630310136196098,0.0,0.0,,234,True
256,dc,decision_directed_joint,1.0455242749284301,1.0455242749284304,1.0455242749284297,10.33488874424115,4.440892098500626e-16,0,3.469446951953614e-17,5.551259871573712e-16,-2.296875928139397e-16,0.056649426824624434,-0.04249579946834908,0.0,0.0,6.25,,False,1.0455242749284301,0.0,0.0,True,234,True
256,complex_gain,legacy_mean,8.630310136196098,1.0455242749284268,8.630310136196096,1.0469659660070305,1.7763568394002505e-15,0,0.03855133891707686,0.00011010814020384618,0.0,-0.03754104973886916,0.007628244237710443,0.0,0.0,6.25,,False,8.630310136196098,0.0,0.0,,234,True
256,complex_gain,decision_directed_joint,1.045524274928427,1.0455242749284268,1.0455242749284266,1.0469659660070305,4.440892098500626e-16,0,3.816426298339509e-17,1.7467832365231865e-16,1.0008330717698082e-14,0.00024208700317776555,-2.94519061115623e-05,0.0,0.0,6.25,,False,1.045524274928427,0.0,0.0,True,234,True
256,awgn,legacy_mean,8.753437972406239,1.798534711519002,8.753437972406235,1.8026493987464296,3.552713678800501e-15,0,0.05930543676443126,0.00040345186894581063,-0.013609408705418574,-0.043100257328609025,0.03952771757738764,-6.25,6.25,6.25,,False,8.753452220074443,0.0,0.0,,234,True
256,awgn,decision_directed_joint,1.7984653217656705,1.798534711519002,1.7984653217656699,1.8026493987464296,6.661338147750939e-16,0,5.618616154454695e-06,0.00023752930237803065,-0.013609408705420973,0.0006579630700814937,-0.0005065452942073015,-6.25,6.25,6.25,,False,1.7985347115190014,0.0,0.0,True,234,True
256,cfo,legacy_mean,8.630305131347464,1.0454829523582463,8.630305131347459,1.0469244481977695,5.329070518200751e-15,0,0.05930975339897088,0.00011009943766049357,2.1052322999146142e-16,-0.04359906323674121,0.03965535249716975,1000.0,0.0,6.25,,False,8.894948795595386,0.0,0.0,,234,True
256,cfo,decision_directed_joint,1.0454829523582454,1.0454829523582463,1.045482952358245,1.0469244481977695,4.440892098500626e-16,0,3.254254990524228e-17,6.663870505963993e-16,1.0525002575111251e-15,0.00029667254243746083,-0.00022962247651269613,1000.0,0.0,6.25,,False,2.394613151912249,0.0,0.0,True,234,True
256,iq_imbalance,legacy_mean,9.53764875132863,4.1964954098337035,9.537648751328625,4.20735689953649,5.329070518200751e-15,0,0.05922224929509628,0.0019075127167147712,0.040829033946505285,-0.04518813684718564,0.03824246646577485,18.75,18.75,6.25,,False,9.537748106079961,0.0,0.0,,234,True
256,iq_imbalance,decision_directed_joint,4.196268790636461,4.1964954098337035,4.196268790636461,4.20735689953649,0.0,0,1.651575474704924e-05,0.000712602269429822,0.040829033946503925,-0.0013784255141621113,-0.0015913168532333544,18.75,18.75,6.25,,False,4.196495409833703,0.0,0.0,True,234,True
256,combined,legacy_mean,8.747974850035813,1.771702849547105,8.747974850035812,6.024717325525525,1.7763568394002505e-15,0,0.04744704766904959,0.00039538944247507286,-0.013610900410071186,-0.015564722306736412,0.02839524810709968,993.75,6.25,6.25,,False,9.00570963467911,0.0625,0.0,,234,True
256,combined,decision_directed_joint,1.7716669429883543,1.771702849547105,1.7716669429883536,6.024717325525525,6.661338147750939e-16,0,9.159988775461232e-06,0.0002375550260687572,-0.01361090041006544,0.029226345903137378,0.012750218707290227,993.75,6.25,6.25,,False,2.7784082072237646,0.0625,0.0,True,234,True
512,ideal,legacy_mean,3.3553435870673773,1.0686095667880806,3.355343587067377,1.0688372258329966,4.440892098500626e-16,0,0.02212011880652602,0.00011429521610317739,1.5797351536390907e-15,-0.004302689782998907,0.021543774347808832,0.0,0.0,6.25,,False,3.3553435870673773,0.0,0.0,,490,True
512,ideal,decision_directed_joint,1.0686095667880802,1.0686095667880806,1.0686095667880802,1.0688372258329966,0.0,0,4.833934718515206e-17,6.662381437189786e-16,-6.755193284017572e-16,3.498622846942641e-05,-0.00014687393282953806,0.0,0.0,6.25,,False,1.0686095667880802,0.0,0.0,True,490,True
512,dc,legacy_mean,3.3553435870673782,1.068609566788081,3.355343587067377,10.221143536567354,1.3322676295501878e-15,0,0.022120118806526107,0.0001142952161027333,3.971737413280369e-16,0.0520508290262058,-0.020721364759094706,0.0,0.0,6.25,,False,3.3553435870673782,0.0,0.0,,490,True
512,dc,decision_directed_joint,1.0686095667880808,1.068609566788081,1.0686095667880804,10.221143536567354,4.440892098500626e-16,0,5.419449386414209e-17,2.220890135718108e-16,-2.5445631075782734e-16,0.05638850503767413,-0.042412013039733076,0.0,0.0,6.25,,False,1.0686095667880808,0.0,0.0,True,490,True
512,complex_gain,legacy_mean,3.355343587067376,1.06860956678808,3.3553435870673747,1.068837225832996,1.3322676295501878e-15,0,0.014378077224241963,0.00011429521610295534,1.4649050070703953e-14,-0.009609592884738472,0.010562870397219273,0.0,0.0,6.25,,False,3.355343587067376,0.0,0.0,,490,True
512,complex_gain,decision_directed_joint,1.06860956678808,1.06860956678808,1.0686095667880797,1.068837225832996,2.220446049250313e-16,0,2.5179238707879347e-17,3.4379522575896195e-16,4.882458584786807e-15,6.866256711462147e-05,-7.011959031202192e-05,0.0,0.0,6.25,,False,1.06860956678808,0.0,0.0,True,490,True
512,awgn,legacy_mean,3.642751698962967,1.7763861221182227,3.6427516989629662,1.7770592134664038,8.881784197001252e-16,0,0.0221396856495159,0.0005876833039105109,-0.028421468113477667,-0.004205603258084944,0.02140445498464093,-6.25,6.25,6.25,,False,3.6429501658546934,0.0,0.0,,490,True
512,awgn,decision_directed_joint,1.7759788204892237,1.7763861221182227,1.775978820489223,1.7770592134664038,6.661338147750939e-16,0,1.1748481221789257e-05,0.0004960484269040122,-0.028421468113479238,0.00013741503156340477,-0.0002949252998856282,-6.25,6.25,6.25,,False,1.7763861221182227,0.0,0.0,True,490,True
512,cfo,legacy_mean,3.3553191898335166,1.068532941557226,3.3553191898335157,1.0687605614182039,8.881784197001252e-16,0,0.0221201177361116,0.00011427882736181338,6.846860008834388e-17,-0.004377132063687636,0.021528790128046395,1000.0,0.0,6.25,,False,5.5026355197697665,0.0,0.0,,490,True
512,cfo,decision_directed_joint,1.068532941557226,1.068532941557226,1.068532941557226,1.0687605614182039,0.0,0,6.030659567490186e-17,2.226738347490359e-16,9.584508580782057e-16,3.547562852850364e-05,-0.0001467375936501751,1000.0,0.0,6.25,,False,4.494801321800284,0.0,0.0,True,490,True
512,iq_imbalance,legacy_mean,5.28631381816209,4.22631258401747,5.28631381816209,4.228892741573866,0.0,0,0.022116008922613093,0.0018518672996128253,-0.02843134464500496,-0.00448118520514776,0.020691341052370523,-6.25,6.25,6.25,,False,5.286432951393565,0.0,0.0,,490,True
512,iq_imbalance,decision_directed_joint,4.226163033333163,4.22631258401747,4.226163033333162,4.228892741573866,8.881784197001252e-16,0,1.2301514797933252e-05,0.0004962208246980779,-0.02843134464500436,-9.051929028035081e-05,-0.0009738304174615568,-6.25,6.25,6.25,,False,4.2263125840174665,0.0,0.0,True,490,True
512,combined,legacy_mean,3.6575956958148312,1.8066806012033063,3.6575956958148303,5.945891499357405,8.881784197001252e-16,0,0.01774499829930029,0.00104538202686679,-0.05693645768864787,0.019242352077247796,0.026295684743654405,987.5,12.5,6.25,,False,5.664338747470408,0.0625,0.0,,490,True
512,combined,decision_directed_joint,1.8062493518089073,1.8066806012033063,1.8062493518089067,5.945891499357405,6.661338147750939e-16,0,4.842118150479965e-05,0.0009937303739424538,-0.056936457688655386,0.02927543760063133,0.011714328628258315,987.5,12.5,6.25,,False,4.692186512047628,0.0625,0.0,True,490,True
1024,ideal,legacy_mean,4.142062444161386,1.5634383991782599,4.142062444161384,1.5636678591607378,1.7763568394002505e-15,0,0.02660158540115344,0.000999097704518415,-0.05551131246017224,-0.014333577904089168,0.02219645468460083,-6.25,6.25,6.25,,False,4.142172703059729,0.9921875,0.0078125,,1002,True
1024,ideal,decision_directed_joint,1.0427675526447668,1.042767552644768,1.0427675526447668,1.0431576350304417,0.0,0,1.0965188500824829e-16,1.221249952166893e-15,-1.925746365529953e-16,0.00010375040436528399,-0.00016489152291654027,0.0,0.0,6.25,,False,1.0427675526447668,0.0,0.0,True,1002,True
1024,dc,legacy_mean,4.142057058949542,1.5634383991782568,4.142057058949542,10.3328784965403,0.0,0,0.026625713762139316,0.0009998050686542523,-0.05554565614613521,0.04206074432838161,-0.02001275642434047,-6.25,6.25,6.25,,False,4.142172703059732,0.9921875,0.0078125,,1002,True
1024,dc,decision_directed_joint,1.0427675526447657,1.0427675526447668,1.0427675526447657,10.276101930581726,0.0,0,5.551115123125783e-17,1.5543784330827224e-15,8.219318583349167e-16,0.05645726921357,-0.04243003062982009,0.0,0.0,6.25,,False,1.0427675526447657,0.0,0.0,True,1002,True
1024,complex_gain,legacy_mean,4.142062444161384,1.5634383991782568,4.142062444161384,1.563667859160736,0.0,0,0.01729103051074977,0.0009990977045180797,-0.055511312460158835,-0.015416890821823796,0.007568428904959439,-6.25,6.25,6.25,,False,4.142172703059726,0.9921875,0.0078125,,1002,True
1024,complex_gain,decision_directed_joint,1.0427675526447653,1.0427675526447662,1.0427675526447655,1.0431576350304403,2.220446049250313e-16,0,9.62446647232641e-17,1.3572285193315213e-15,1.4845270898826494e-14,0.00011300696328250814,-5.71377384965396e-05,0.0,0.0,6.25,,False,1.0427675526447653,0.0,0.0,True,1002,True
1024,awgn,legacy_mean,4.381309096524945,2.1175525547571765,4.381309096524945,2.117714164080213,0.0,0,0.02657594560760458,0.00044886206022543007,-2.0069809878384895e-15,-0.014256090171208952,0.022440793580424383,0.0,0.0,6.25,,False,4.381309096524945,0.9921875,0.0078125,,1002,True
1024,awgn,decision_directed_joint,1.7280247944007985,1.7280247944007998,1.728024794400798,1.7282072516845184,4.440892098500626e-16,0,1.0045702859285418e-16,8.881785774759993e-16,-3.0332489462625474e-17,0.00014876131261475252,8.955154416993502e-05,0.0,0.0,6.25,,False,1.7280247944007985,0.0,0.0,True,1002,True
1024,cfo,legacy_mean,4.142061518105152,1.5634358857072588,4.142061518105152,1.5636653418098,0.0,0,0.026601582588602634,0.0009990974511025368,-0.05551130870469177,-0.014417108562009688,0.022142288519566185,993.75,6.25,6.25,,False,9.422372524768932,0.9921875,0.0078125,,1002,True
1024,cfo,decision_directed_joint,1.0427613115313432,1.0427613115313439,1.0427613115313432,1.0431514060401528,0.0,0,1.0106400379181623e-16,9.993885741693278e-16,1.1101772676499646e-15,0.00010431463489389906,-0.00016453811714826905,1000.0,0.0,6.25,,False,8.805716765987228,0.0,0.0,True,1002,True
1024,iq_imbalance,legacy_mean,5.790631527419879,4.343656923508294,5.790631527419879,4.346750177760738,0.0,0,0.02659500389558847,0.002702105307662548,-0.11104552718595376,-0.01492645481668703,0.021298816028204166,-12.5,12.5,6.25,,False,5.791858581304318,0.9921875,0.0078125,,1002,True
1024,iq_imbalance,decision_directed_joint,4.182773869643143,4.1839072487915425,4.182773869643143,4.1874140527946935,0.0,0,8.825944109955558e-06,0.001937579585038135,-0.11101514794761312,-0.00048483922873576203,-0.001047612811594878,-12.5,12.5,6.25,,False,4.183907248791535,0.0,0.0,True,1002,True
1024,combined,legacy_mean,4.421227851456112,1.8246194976444905,4.421227851456112,5.987610820317553,0.0,0,0.02231913758077621,0.0003333533199791905,3.264289779261275e-15,0.011386616713276924,0.021762589303701913,1000.0,0.0,6.25,,False,9.531559058590336,0.0625,0.0,,1002,True
1024,combined,decision_directed_joint,1.8246194976444883,1.8246194976444905,1.8246194976444883,5.987610820317553,0.0,0,9.874219130371972e-17,1.1116829036964713e-15,-3.263201617425988e-15,0.03009042747163565,0.00958427392491832,1000.0,0.0,6.25,,False,8.91039261442676,0.0625,0.0,True,1002,True
2048,ideal,legacy_mean,2.55170236580274,1.0522489730940852,2.5517023658027393,1.0524008942341916,4.440892098500626e-16,0,0.016105722179032323,0.00011077038653206639,1.4791717583288816e-15,-0.0066395381944103675,0.014539318394712916,0.0,0.0,6.25,,False,2.55170236580274,0.0,0.0,,2026,True
2048,ideal,decision_directed_joint,1.0522489730940847,1.0522489730940852,1.0522489730940847,1.0524008942341916,0.0,0,1.4571352750723192e-16,3.3366908656195615e-16,1.1480543514329822e-15,4.883798614261237e-05,-0.00011195837475603578,0.0,0.0,6.25,,False,1.0522489730940847,0.0,0.0,True,2026,True
2048,dc,legacy_mean,2.5517023658027407,1.0522489730940863,2.5517023658027407,10.255586627029174,0.0,0,0.01610572217903236,0.00011077038653239946,3.528307055774152e-15,0.04971398061479434,-0.027725820712190617,0.0,0.0,6.25,,False,2.5517023658027407,0.0,0.0,,2026,True
2048,dc,decision_directed_joint,1.0522489730940852,1.0522489730940863,1.0522489730940852,10.255586627029174,0.0,0,1.9192032249453387e-16,8.883466200012097e-16,9.904252035933329e-16,0.056402356795347316,-0.04237709748165957,0.0,0.0,6.25,,False,1.0522489730940852,0.0,0.0,True,2026,True
2048,complex_gain,legacy_mean,2.551702365802743,1.0522489730940858,2.551702365802743,1.0524008942341918,0.0,0,0.010468719416370984,0.00011077038653195537,0.0,-0.008566673432543585,0.005877958666127436,0.0,0.0,6.25,,False,2.551702365802743,0.0,0.0,,2026,True
2048,complex_gain,decision_directed_joint,1.0522489730940845,1.0522489730940858,1.0522489730940845,1.0524008942341918,0.0,0,6.314143345999082e-17,1.0029144666398229e-15,4.940525805688367e-15,6.469134786270085e-05,-4.602886308491608e-05,0.0,0.0,6.25,,False,1.0522489730940845,0.0,0.0,True,2026,True
2048,awgn,legacy_mean,2.9211084938107668,1.769116981492149,2.9211084938107663,1.769397391805051,4.440892098500626e-16,0,0.016101611429965194,0.00031304868623460713,-1.5425546794887526e-16,-0.006507514248436825,0.01452950003094715,0.0,0.0,6.25,,False,2.9211084938107668,0.0,0.0,,2026,True
2048,awgn,decision_directed_joint,1.7691169814921481,1.769116981492149,1.7691169814921477,1.769397391805051,4.440892098500626e-16,0,1.321035975272168e-16,5.551401409996047e-16,3.2302345807348003e-16,0.00017821516635965068,-0.00011846613619382815,0.0,0.0,6.25,,False,1.7691169814921481,0.0,0.0,True,2026,True
2048,cfo,legacy_mean,2.8262791753458147,1.5764758560421557,2.8262791753458147,1.5765751274027116,0.0,0,0.01625424803514765,0.0002486026387469309,1.4549966493964117e-15,-0.006590719390900943,0.014728210760734316,1000.0,0.0,6.25,,False,12.066874142681039,0.9921875,0.0078125,,2026,True
2048,cfo,decision_directed_joint,1.052243244725922,1.0522432447259227,1.0522432447259218,1.0523951629558395,2.220446049250313e-16,0,1.1876890227254537e-16,6.6639738524618635e-16,1.073766133010815e-15,4.922586800488668e-05,-0.00011178673258689306,1000.0,0.0,6.25,,False,11.978006804634957,0.0,0.0,True,2026,True
2048,iq_imbalance,legacy_mean,4.7628728666471964,4.162803286727536,4.762872866647196,4.164175967914176,8.881784197001252e-16,0,0.016108173296331015,0.0026321006719814705,-0.11377493512540574,-0.006926522081015007,0.013957694349098078,-6.25,6.25,6.25,,False,4.764768356946364,0.0,0.0,,2026,True
2048,iq_imbalance,decision_directed_joint,4.160626035418315,4.162803286727536,4.160626035418315,4.164175967914176,0.0,0,1.5308652979978936e-05,0.001985746394035302,-0.11377493512540676,-0.00020946198956990278,-0.0006734172989838819,-6.25,6.25,6.25,,False,4.162803286727533,0.0,0.0,True,2026,True
2048,combined,legacy_mean,3.099310774040548,2.050223072104811,3.099310774040548,5.980112137947641,0.0,0,0.012882359871111101,0.00042039193953125054,0.0,0.021266961355211226,0.013039477931309232,1000.0,0.0,6.25,,False,12.10958737627695,0.0625,0.0,,2026,True
2048,combined,decision_directed_joint,2.0502230721048105,2.050223072104811,2.0502230721048105,5.980112137947641,0.0,0,1.398255992337188e-16,5.580190578198318e-16,-3.2595597608715514e-15,0.030800689033308567,0.004375573937803143,1000.0,0.0,6.25,,False,12.003800124785757,0.0625,0.0,True,2026,True
4096,ideal,legacy_mean,1.3917821313871215,1.0533122233472079,1.3917821313871215,1.053333863766599,0.0,0,0.006303133250818404,0.00011094353811424984,1.227765135872058e-16,-0.001148720726137438,0.006150739123233654,0.0,0.0,6.25,,False,1.3917821313871215,0.0,0.0,,4074,True
4096,ideal,decision_directed_joint,1.0533122233472154,1.0533122233472079,1.0533122233472154,1.053333863766599,0.0,0,8.003668202592621e-17,7.105436574115533e-15,-6.557166765929046e-16,6.5227344523805485e-06,-4.56228194175767e-05,0.0,0.0,6.25,,False,1.0533122233472154,0.0,0.0,True,4074,True
4096,dc,legacy_mean,1.3917821313871215,1.053312223347208,1.3917821313871215,10.233163038148431,0.0,0,0.006303133250818438,0.00011094353811424984,-9.719667131406981e-16,0.05520479808306726,-0.036114399983669894,0.0,0.0,6.25,,False,1.3917821313871215,0.0,0.0,,4074,True
4096,dc,decision_directed_joint,1.0533122233472156,1.053312223347208,1.0533122233472156,10.233163038148431,0.0,0,8.831770080096235e-17,7.105452087531674e-15,-1.0740996113616052e-15,0.05636004154365708,-0.042310761926321126,0.0,0.0,6.25,,False,1.0533122233472156,0.0,0.0,True,4074,True
4096,complex_gain,legacy_mean,1.3917821313871237,1.053312223347209,1.391782131387123,1.0533338637665994,6.661338147750939e-16,0,0.0040970366130319,0.00011094353811491597,0.0,-0.0026991319429022042,0.003042375401120875,0.0,0.0,6.25,,False,1.3917821313871237,0.0,0.0,,4074,True
4096,complex_gain,decision_directed_joint,1.0533122233472154,1.053312223347209,1.0533122233472154,1.0533338637665994,0.0,0,4.823557286972327e-17,6.222570121911235e-15,1.4741232733279543e-14,1.890756644955683e-05,-2.3235506043804005e-05,0.0,0.0,6.25,,False,1.0533122233472154,0.0,0.0,True,4074,True
4096,awgn,legacy_mean,1.9744731056586264,1.7526475581081273,1.9744731056586264,1.7526978661820618,0.0,0,0.0063036612133923605,0.0003071084293286841,-2.627863629314157e-16,-0.001100657206682255,0.006272160121741726,0.0,0.0,6.25,,False,1.9744731056586264,0.0,0.0,,4074,True
4096,awgn,decision_directed_joint,1.7526475581081384,1.7526475581081273,1.752647558108138,1.7526978661820618,4.440892098500626e-16,0,7.768377841377676e-17,6.217254498377793e-15,-4.764231726156905e-16,5.509812165657973e-05,7.535656553275295e-05,0.0,0.0,6.25,,False,1.7526475581081384,0.0,0.0,True,4074,True
4096,cfo,legacy_mean,1.391772277693909,1.0532992003578698,1.391772277693909,1.0533208434111596,0.0,0,0.0063031332289421125,0.00011094079505857835,2.239505602598483e-15,-0.0011699717982596373,0.006146729713327001,1000.0,0.0,6.25,,False,14.359717773174358,0.0,0.0,,4074,True
4096,cfo,decision_directed_joint,1.0532992003578767,1.0532992003578698,1.0532992003578767,1.0533208434111596,0.0,0,7.2841020061123e-17,6.43932051961273e-15,1.0679534100316573e-15,6.677780972224245e-06,-4.560298683439247e-05,1000.0,0.0,6.25,,False,14.277502971575535,0.0,0.0,True,4074,True
4096,iq_imbalance,legacy_mean,4.245664724825604,4.1506126514591335,4.2456647248256045,4.150839159899928,8.881784197001252e-16,0,0.006299610699014252,0.001719937862257881,3.1041342937411916e-16,-0.0011946695551829332,0.005904709558304304,0.0,0.0,6.25,,False,4.245664724825604,0.0,0.0,,4074,True
4096,iq_imbalance,decision_directed_joint,4.15061265145916,4.1506126514591335,4.150612651459162,4.150839159899928,1.7763568394002505e-15,0,6.191031747578266e-17,6.217253119954607e-15,-4.131727167519778e-16,-3.743638008275028e-05,-0.0002876975938121114,0.0,0.0,6.25,,False,4.15061265145916,0.0,0.0,True,4074,True
4096,combined,legacy_mean,2.843980681551213,2.6955125557753044,2.843980681551213,5.96957507706728,0.0,0,0.005043229957058092,0.0007261113179892753,0.0,0.026264426789963793,-0.0009390718066860273,1000.0,0.0,6.25,,False,14.378345595610398,0.0625,0.0,,4074,True
4096,combined,decision_directed_joint,2.6955125557753212,2.6955125557753044,2.695512555775321,5.96957507706728,4.440892098500626e-16,0,2.4052677599400384e-17,6.217506698619948e-15,-3.2437668207828774e-15,0.029064514562598006,-0.005133553522620941,1000.0,0.0,6.25,,False,14.298668919685914,0.0625,0.0,True,4074,True
16384,ideal,legacy_mean,1.4819745941108011,1.059259123642019,1.481974594110801,1.0592881166515138,2.220446049250313e-16,0,0.007181520578339302,0.00011220245406728946,-1.644386911199177e-15,-0.007127970085967398,2.657180310265522e-05,0.0,0.0,6.25,,False,1.4819745941108011,0.0,0.0,,16362,True
16384,ideal,decision_directed_joint,1.059259123642014,1.059259123642019,1.0592591236420137,1.0592881166515138,2.220446049250313e-16,0,8.681136645471548e-17,4.996017725854525e-15,-6.804408613997677e-16,5.3502816222814574e-05,4.036503250887963e-07,0.0,0.0,6.25,,False,1.059259123642014,0.0,0.0,True,16362,True
16384,dc,legacy_mean,1.4819745941107967,1.0592591236420206,1.4819745941107962,10.236109325178697,4.440892098500626e-16,0,0.007181520578339277,0.00011220245406839968,-1.0499189687422495e-15,0.04922554872323732,-0.042238567303800885,0.0,0.0,6.25,,False,1.4819745941107967,0.0,0.0,,16362,True
16384,dc,decision_directed_joint,1.0592591236420141,1.0592591236420206,1.0592591236420141,10.236109325178697,0.0,0,1.5700924586837752e-16,6.21728405263666e-15,-1.1972423600220164e-15,0.05640702162542753,-0.04226473545657845,0.0,0.0,6.25,,False,1.0592591236420141,0.0,0.0,True,16362,True
16384,complex_gain,legacy_mean,1.4819745941108,1.0592591236420206,1.4819745941107998,1.059288116651514,2.220446049250313e-16,0,0.004667988375920527,0.00011220245406828866,0.0,-0.003980306439454123,-0.0023714596817293264,0.0,0.0,6.25,,False,1.4819745941108,0.0,0.0,,16362,True
16384,complex_gain,decision_directed_joint,1.059259123642014,1.0592591236420206,1.0592591236420137,1.059288116651514,2.220446049250313e-16,0,7.851297142454433e-17,6.217248937900877e-15,0.0,2.9674430028946847e-05,1.8136289164012807e-05,0.0,0.0,6.25,,False,1.059259123642014,0.0,0.0,True,16362,True
16384,awgn,legacy_mean,2.050734302510936,1.7697873632893408,2.0507343025109357,1.7699138933193546,4.440892098500626e-16,0,0.007181575764659826,0.00031315029098466507,-1.6112796049483475e-15,-0.007038279649508612,4.4191777079353126e-05,0.0,0.0,6.25,,False,2.050734302510936,0.0,0.0,,16362,True
16384,awgn,decision_directed_joint,1.769787363289328,1.7697873632893408,1.7697873632893275,1.7699138933193546,4.440892098500626e-16,0,4.448670299163523e-17,7.21651696782141e-15,-1.785800737884098e-15,0.00014324978311268822,1.8395034184707747e-05,0.0,0.0,6.25,,False,1.769787363289328,0.0,0.0,True,16362,True
16384,cfo,legacy_mean,1.4819769863218213,1.059262471254358,1.4819769863218213,1.0592914640728623,0.0,0,0.00718152050469999,0.00011220316318516499,5.894369532726942e-15,-0.007128019383821861,1.940062825256522e-06,1000.0,0.0,6.25,,False,14.41002448963989,0.0,0.0,,16362,True
16384,cfo,decision_directed_joint,1.0592624712543512,1.059262471254358,1.0592624712543512,1.0592914640728623,0.0,0,6.999518611295184e-17,6.8840388999508744e-15,5.445648480699577e-15,5.350099386579928e-05,5.894028803225968e-07,1000.0,0.0,6.25,,False,14.353134507455243,0.0,0.0,True,16362,True
16384,iq_imbalance,legacy_mean,4.265345692958842,4.1410370710327635,4.265345692958842,4.141162498891314,0.0,0,0.007177294317516813,0.00171206685293801,-1.4432847916764099e-15,-0.007413088889406094,2.5508930978549118e-05,0.0,0.0,6.25,,False,4.265345692958842,0.0,0.0,,16362,True
16384,iq_imbalance,decision_directed_joint,4.141037071032738,4.1410370710327635,4.141037071032736,4.141162498891314,1.7763568394002505e-15,0,4.201495812981427e-17,6.439340008000622e-15,-1.40159104038703e-15,-0.00023584193422504247,-5.652824142138498e-07,0.0,0.0,6.25,,False,4.141037071032738,0.0,0.0,True,16362,True
16384,combined,legacy_mean,5.925853275118867,5.844457403154792,5.925853275118867,5.966056427177894,0.0,0,0.005743949019434951,0.003404504994911961,-2.9294574390893217e-14,-0.008733462304971719,-0.00793873542231217,1000.0,0.0,6.25,,False,14.412720230045808,0.0625,0.0,,16362,True
16384,combined,decision_directed_joint,5.844457403154754,5.844457403154792,5.8444574031547525,5.966056427177894,1.7763568394002505e-15,0,3.836298902887396e-17,6.451477801653866e-15,-2.270709845137672e-14,-0.003444764322505881,-0.005697614276963275,1000.0,0.0,6.25,,False,14.36244258186984,0.0625,0.0,True,16362,True
