symbol_count,noise_evm_pct,true_cfo_hz,mode,evm_pct,data_aided_evm_pct,same_output_data_aided_evm_pct,zero_dc_reference_evm_pct,blind_truth_metric_error_pct,decision_errors,dc_abs_error_to_reference,gain_relative_error_to_reference,gain_phase_error_deg,dc_real,dc_imag,estimated_cfo_hz,cfo_error_hz,cfo_grid_resolution_hz,cfo_uncertainty_hz,boundary_hit,evm_before_cfo_pct,timing_offset_symbols,timing_error_symbols,joint_converged,valid_symbols,accepted_by_default_gate
256,0,0,legacy_mean,8.630310136196098,1.0455242749284286,8.630310136196096,1.0469659660070332,1.7763568394002505e-15,0,0.0593097521801182,0.00011010814020384618,1.892527166402472e-15,-0.04346172929700939,0.03980577155376072,0.0,0.0,6.25,,False,8.630310136196098,0.0,0.0,,234,True
256,0,0,decision_directed_joint,1.0455242749284288,1.0455242749284286,1.0455242749284288,1.0469659660070332,0.0,0,2.043742664030096e-17,1.114292850487742e-16,5.451654201753294e-16,0.0002959080154197463,-0.00023066036144552687,0.0,0.0,6.25,,False,1.0455242749284288,0.0,0.0,True,234,True
256,0,-100,legacy_mean,8.630310631834373,1.0455283670820466,8.63031063183437,1.0469700770067476,3.552713678800501e-15,0,0.05930975199233857,0.00011010900203123342,3.0262888710057507e-16,-0.04344796735832873,0.03982078734987227,-100.0,0.0,6.25,,False,8.63298527495533,0.0,0.0,,234,True
256,0,-100,decision_directed_joint,1.0455283670820468,1.0455283670820466,1.0455283670820466,1.0469700770067476,2.220446049250313e-16,0,2.6357891933367518e-17,3.3315136081597874e-16,4.297734110682814e-16,0.00029583128986278295,-0.000230763946166071,-100.0,0.0,6.25,,False,1.0673861094746386,0.0,0.0,True,234,True
256,0,100,legacy_mean,8.630309639676394,1.0455201754816668,8.63030963967639,1.0469618475909315,3.552713678800501e-15,0,0.05930975235591723,0.00011010727684390709,3.9911926843497663e-16,-0.04347548605066004,0.03979075100508884,100.0,0.0,6.25,,False,8.63300740388801,0.0,0.0,,234,True
256,0,100,decision_directed_joint,1.0455201754816668,1.0455201754816668,1.045520175481666,1.0469618475909315,6.661338147750939e-16,0,7.340066724358284e-17,4.442911668160161e-16,7.674525432676797e-16,0.0002959846914279973,-0.00023055673959596762,100.0,0.0,6.25,,False,1.0675651138988023,0.0,0.0,True,234,True
256,0,-1000,legacy_mean,8.63031505290277,1.0455648681876708,8.630315052902768,1.047006742181222,1.7763568394002505e-15,0,0.05930974976321519,0.00011011668948945896,2.421016445247695e-15,-0.04332387685478413,0.03995571535478633,-1000.0,0.0,6.25,,False,8.894786763256768,0.0,0.0,,234,True
256,0,-1000,decision_directed_joint,1.0455648681876708,1.0455648681876708,1.0455648681876706,1.047006742181222,2.220446049250313e-16,0,2.132559804361605e-17,3.428989992596193e-17,1.9646665456835727e-15,0.0002951385335445214,-0.00023169453348532293,-1000.0,0.0,6.25,,False,2.3940105063526693,0.0,0.0,True,234,True
256,0,1000,legacy_mean,8.630305131347464,1.0454829523582463,8.630305131347459,1.0469244481977695,5.329070518200751e-15,0,0.05930975339897088,0.00011009943766049357,2.1052322999146142e-16,-0.04359906323674121,0.03965535249716975,1000.0,0.0,6.25,,False,8.894948795595386,0.0,0.0,,234,True
256,0,1000,decision_directed_joint,1.0454829523582454,1.0454829523582463,1.045482952358245,1.0469244481977695,4.440892098500626e-16,0,3.254254990524228e-17,6.663870505963993e-16,1.0525002575111251e-15,0.00029667254243746083,-0.00022962247651269613,1000.0,0.0,6.25,,False,2.394613151912249,0.0,0.0,True,234,True
256,0,-3000,legacy_mean,8.630324621608883,1.0456438647835937,8.630324621608882,1.0470860676306266,1.7763568394002505e-15,0,0.05930974133563685,0.00011013332779574725,1.6841042744088794e-15,-0.043046623043195745,0.04025417005300043,-3000.0,0.0,6.25,,False,10.613554962264041,0.0,0.0,,234,True
256,0,-3000,decision_directed_joint,1.0456438647835942,1.0456438647835937,1.0456438647835937,1.0470860676306266,4.440892098500626e-16,0,4.6096860704719465e-17,3.3306690738754696e-16,0.0,0.00029358478757329776,-0.00023375163342219396,-3000.0,0.0,6.25,,False,6.553676044446418,0.0,0.0,True,234,True
256,0,3000,legacy_mean,8.630294857536683,1.0453981215221089,8.630294857536681,1.0468391899156293,1.7763568394002505e-15,0,0.059309752242148385,0.00011008157334102542,-1.1929082285969671e-15,-0.04387216906535752,0.039353095788382565,3000.0,0.0,6.25,,False,10.56618026997502,0.0,0.0,,234,True
256,0,3000,decision_directed_joint,1.0453981215221084,1.0453981215221089,1.0453981215221082,1.0468391899156293,2.220446049250313e-16,0,2.875226688173764e-17,4.44576889428444e-16,1.1927769113823123e-15,0.00029818665039323816,-0.00022753567410262882,3000.0,0.0,6.25,,False,6.552599782270285,0.0,0.0,True,234,True
256,0,-4995,legacy_mean,8.787899561173527,1.546637827421166,8.787899561173525,1.547455579867153,1.7763568394002505e-15,0,0.059935942168452716,0.0003066706896296145,-0.010850162498550675,-0.04275248372509757,0.04152871125062067,-5000.0,5.0,3.125,,True,11.65993662792557,0.9921875,0.0078125,,234,True
256,0,-4995,decision_directed_joint,1.0457222472089367,1.04571975204095,1.0457222472089363,1.0471622337964546,4.440892098500626e-16,0,1.091379510991245e-06,4.750808856876464e-05,0.002722009100793687,0.0002909430435147492,-0.00023599121302932125,-4993.75,1.25,3.125,,True,10.136319161687497,0.0,0.0,True,234,True
256,0,4995,legacy_mean,8.787823340399033,1.546227405819529,8.78782334039903,1.5470443072670548,3.552713678800501e-15,0,0.05993328402718613,0.000469243790828562,-0.02305665377498676,-0.04428970848824331,0.03988152964623692,4984.375,10.625,3.125,,True,11.90765346810641,0.9921875,0.0078125,,234,True
256,0,4995,decision_directed_joint,1.0453154967002398,1.0453106035423019,1.0453154967002398,1.0467511964611593,0.0,0,1.091372172621137e-06,4.750821993203217e-05,-0.0027220169144092457,0.0003007417113897737,-0.00022519991789510252,4993.75,1.25,3.125,,True,10.271496426094474,0.0,0.0,True,234,True
256,0,-6000,legacy_mean,8.894831082065018,1.0457568784909312,8.894831082065016,1.047199482164567,1.7763568394002505e-15,0,0.05980583487731658,0.03800050609543501,2.177646692828135,-0.04189429899185417,0.04215564433956244,-5000.0,1000.0,3.125,,True,11.979530290071745,0.0,0.0,,234,True
256,0,-6000,decision_directed_joint,2.3941753548815536,1.0457568784909312,2.3941753548815523,1.047199482164567,1.3322676295501878e-15,0,0.0008759464690492035,0.03801157850690964,2.1776466928281395,-0.000574836325272686,-0.0003680830891224368,-5000.0,1000.0,3.125,,True,10.940754654128552,0.0,0.0,True,234,True
256,0,6000,legacy_mean,8.894944411921148,1.0452654205001854,8.894944411921145,1.0467057553246482,3.552713678800501e-15,0,0.05879085944321695,0.03799814820104417,-2.177583197675599,-0.04488321591004163,0.03738950461109367,5000.0,1000.0,3.125,,True,12.389032052166824,0.0,0.0,,234,True
256,0,6000,decision_directed_joint,2.394596849595333,1.0452654205001854,2.394596849595332,1.0467057553246482,1.3322676295501878e-15,0,0.00086987742648858,0.0380073117236383,-2.177583197675602,0.0011415601280193519,-2.634594719268246e-06,5000.0,1000.0,3.125,,True,11.014053068503863,0.0,0.0,True,234,True
256,4,0,legacy_mean,8.753437972406239,1.798534711519002,8.753437972406235,1.8026493987464296,3.552713678800501e-15,0,0.05930543676443126,0.00040345186894581063,-0.013609408705418574,-0.043100257328609025,0.03952771757738764,-6.25,6.25,6.25,,False,8.753452220074443,0.0,0.0,,234,True
256,4,0,decision_directed_joint,1.7984653217656705,1.798534711519002,1.7984653217656699,1.8026493987464296,6.661338147750939e-16,0,5.618616154454695e-06,0.00023752930237803065,-0.013609408705420973,0.0006579630700814937,-0.0005065452942073015,-6.25,6.25,6.25,,False,1.7985347115190014,0.0,0.0,True,234,True
256,4,-100,legacy_mean,8.753464434094687,1.7986641050929126,8.753464434094683,1.802793660828104,3.552713678800501e-15,0,0.059305516129516817,0.0004034897851995317,-0.013609422841970252,-0.04308403847447299,0.03954348368101769,-106.25,6.25,6.25,,False,8.756521300522017,0.0,0.0,,234,True
256,4,-100,decision_directed_joint,1.7985941948531765,1.7986641050929126,1.7985941948531763,1.802793660828104,2.220446049250313e-16,0,5.61899903301436e-06,0.00023752954920115975,-0.01360942284197521,0.0006603921081029807,-0.0005059631555298025,-106.25,6.25,6.25,,False,1.8134227158607252,0.0,0.0,True,234,True
256,4,100,legacy_mean,8.753411283298886,1.798404192160663,8.753411283298886,1.8025040071420795,0.0,0,0.059305357512737654,0.0004034136287555312,-0.013609394577301273,-0.043116468453678065,0.039511962654815984,93.75,6.25,6.25,,False,8.755681253038237,0.0,0.0,,234,True
256,4,100,decision_directed_joint,1.7983353321601114,1.798404192160663,1.7983353321601103,1.8025040071420795,1.1102230246251565e-15,0,5.6182266517023335e-06,0.0002375290556984941,-0.013609394577300425,0.0006555369519095494,-0.0005071111561917307,93.75,6.25,6.25,,False,1.8093593169685789,0.0,0.0,True,234,True
256,4,-1000,legacy_mean,8.753692341135967,1.7997779541396055,8.753692341135963,1.80404107075692,3.552713678800501e-15,0,0.05930623477781356,0.00040381642389498594,-0.013609550274890575,-0.042937739120221835,0.039685888369122124,-1006.25,6.25,6.25,,False,9.01855105141773,0.0,0.0,,234,True
256,4,-1000,decision_directed_joint,1.7997037769204183,1.7997779541396055,1.799703776920418,1.80404107075692,2.220446049250313e-16,0,5.622140876131278e-06,0.00023753177400639674,-0.013609550274890638,0.0006823665498955286,-0.0004999840609307832,-1006.25,6.25,6.25,,False,2.819818212097954,0.0,0.0,True,234,True
256,4,1000,legacy_mean,8.753160868454428,1.797178921875295,8.753160868454426,1.8011448057758033,1.7763568394002505e-15,0,0.05930465008812067,0.00040305493034160537,-0.013609267979976442,-0.043262002953147256,0.03937066428878115,993.75,6.25,6.25,,False,9.01036463843526,0.0,0.0,,234,True
256,4,1000,decision_directed_joint,1.797115245704422,1.797178921875295,1.7971152457044215,1.8011448057758033,4.440892098500626e-16,0,5.6144292728337535e-06,0.00023752684512063548,-0.013609267979975873,0.0006338512351510214,-0.000511479479104765,993.75,6.25,6.25,,False,2.7934831765097994,0.0,0.0,True,234,True
256,4,-3000,legacy_mean,8.754132687415607,1.8019267599602977,8.754132687415604,1.806483494478794,3.552713678800501e-15,0,0.059307846875219755,0.00040444788652326793,-0.013609831718218765,-0.04261083164571131,0.040005727530884744,-3006.25,6.25,6.25,,False,10.646655918224761,0.0,0.0,,234,True
256,4,-3000,decision_directed_joint,1.8018457836700925,1.8019267599602977,1.8018457836700923,1.806483494478794,2.220446049250313e-16,0,5.627065547323037e-06,0.00023753668659530857,-0.013609831718217925,0.0007315976656821835,-0.000481816757368643,-3006.25,6.25,6.25,,False,6.733698105284136,0.0,0.0,True,234,True
256,4,3000,legacy_mean,8.752539124682439,1.7941320221923105,8.752539124682436,1.7978012885241546,3.552713678800501e-15,0,0.05930312853274563,0.00040216512320806816,-0.013608993337160702,-0.04358275319750063,0.039059721379338226,2993.75,6.25,6.25,,False,10.73093659421585,0.0,0.0,,234,True
256,4,3000,decision_directed_joint,1.794082516199567,1.7941320221923105,1.7940825161995664,1.7978012885241546,6.661338147750939e-16,0,5.604226107905949e-06,0.0002375220483613965,-0.013608993337162683,0.0005869285872951366,-0.0005166754904102414,2993.75,6.25,6.25,,False,6.6995632058230585,0.0,0.0,True,234,True
256,4,-4995,legacy_mean,8.910209060941733,2.1350883407760195,8.910209060941728,2.1391051064558493,5.329070518200751e-15,0,0.05993805276515756,0.0004968413298660973,-0.010850204229460102,-0.042198602953655635,0.04134467340130788,-5000.0,5.0,3.125,,True,11.73098737810394,0.9921875,0.0078125,,234,True
256,4,-4995,decision_directed_joint,1.8035499667667543,1.8036253132110194,1.8035499667667536,1.8084671339596108,6.661338147750939e-16,0,4.503184564163469e-06,0.00019003315575559648,-0.010888082913564117,0.0007793853420434843,-0.00045702369624442407,-5000.0,5.0,3.125,,True,10.169813882786528,0.0,0.0,True,234,True
256,4,4995,legacy_mean,8.826297420569821,2.125180925274338,8.82629742056982,2.1279721803605702,1.7763568394002505e-15,0,0.059302269342914445,0.0004925564739240145,0.010887073247764478,-0.0438943647818223,0.03878075419907697,5000.0,5.0,3.125,,True,11.993026025463035,0.0078125,0.0078125,,234,True
256,4,4995,decision_directed_joint,1.7906220406347553,1.7906549595577308,1.7906220406347553,1.7940331158918792,0.0,0,3.914357072895586e-06,0.00016626229844455724,-0.009526115104344379,0.0005408707199006449,-0.0005164265567704496,4990.625,4.375,3.125,,True,10.331613123913387,0.0,0.0,True,234,True
256,4,-6000,legacy_mean,9.019807284653245,1.8043154586256216,9.019807284653243,1.8092966422577805,1.7763568394002505e-15,0,0.059815223022786995,0.03799909226168506,2.1776755453843117,-0.041404999349262506,0.04194443705239427,-5000.0,1000.0,3.125,,True,12.070861585387824,0.0,0.0,,234,True
256,4,-6000,decision_directed_joint,2.823839850911137,1.8043154586256216,2.823839850911136,1.8092966422577805,8.881784197001252e-16,0,0.0009030907526511857,0.03801221084548806,2.177675545384309,-9.175568978758708e-05,-0.0005901300990292652,-5000.0,1000.0,3.125,,True,10.96285251602854,0.0,0.0,True,234,True
256,4,6000,legacy_mean,9.155466094372478,2.108947728227432,9.155466094372473,2.1117412642246087,5.329070518200751e-15,0,0.05942637544294362,0.037860080703680625,-2.169741032098788,-0.044875802626190744,0.03784401097317005,5000.0,1000.0,3.125,,True,12.327190802493034,0.9921875,0.0078125,,234,True
256,4,6000,decision_directed_joint,2.792344112417126,1.7887420658264108,2.7923441124171258,1.7919766525703946,4.440892098500626e-16,0,0.0008907325728777476,0.03800316347192396,-2.177350477658427,0.0013788185933732225,-0.00029445525163344227,5000.0,1000.0,3.125,,True,11.010894723825949,0.0,0.0,True,234,True
2048,0,0,legacy_mean,2.55170236580274,1.0522489730940852,2.5517023658027393,1.0524008942341916,4.440892098500626e-16,0,0.016105722179032323,0.00011077038653206639,1.4791717583288816e-15,-0.0066395381944103675,0.014539318394712916,0.0,0.0,6.25,,False,2.55170236580274,0.0,0.0,,2026,True
2048,0,0,decision_directed_joint,1.0522489730940847,1.0522489730940852,1.0522489730940847,1.0524008942341916,0.0,0,1.4571352750723192e-16,3.3366908656195615e-16,1.1480543514329822e-15,4.883798614261237e-05,-0.00011195837475603578,0.0,0.0,6.25,,False,1.0522489730940847,0.0,0.0,True,2026,True
2048,0,-100,legacy_mean,2.551702584196335,1.052249502815505,2.5517025841963346,1.0524014241813964,4.440892098500626e-16,0,0.016105722112996046,0.00011077049804653072,3.334259411363536e-16,-0.006634513498626897,0.014541611725881339,-100.0,0.0,6.25,,False,3.148924341313845,0.0,0.0,,2026,True
2048,0,-100,decision_directed_joint,1.0522495028155046,1.052249502815505,1.0522495028155048,1.0524014241813964,2.220446049250313e-16,0,1.7572399085151559e-16,3.331394582723777e-16,3.9833491790712866e-16,4.879915365606398e-05,-0.00011197543811637851,-100.0,0.0,6.25,,False,2.1245428475817674,0.0,0.0,True,2026,True
2048,0,100,legacy_mean,2.5517021441772183,1.0522484355332957,2.5517021441772187,1.0524003564357547,4.440892098500626e-16,0,0.01610572224151117,0.00011077027336636736,1.2990621310841113e-15,-0.006644562098048211,0.014537023328962716,100.0,0.0,6.25,,False,3.147543050979848,0.0,0.0,,2026,True
2048,0,100,decision_directed_joint,1.052248435533294,1.0522484355332957,1.052248435533294,1.0524003564357547,0.0,0,1.6420325346990632e-16,1.221259551345571e-15,3.377187407403505e-16,4.8876810603729753e-05,-0.00011194129304544463,100.0,0.0,6.25,,False,2.1224931594468788,0.0,0.0,True,2026,True
2048,0,-1000,legacy_mean,2.8081311283740975,1.5754799282439798,2.8081311283740975,1.5755822657775576,0.0,0,0.016104106993259235,0.0002482862482501291,-9.699962560338315e-16,-0.006588683140617191,0.014562510128200645,-1000.0,0.0,6.25,,False,12.219942509835041,0.0078125,0.0078125,,2026,True
2048,0,-1000,decision_directed_joint,1.0522539175287606,1.0522539175287615,1.0522539175287606,1.0524058403929866,0.0,0,1.0955374085438685e-16,7.772022018062623e-16,-4.849265546615342e-16,4.8449301738914125e-05,-0.00011212818190401048,-1000.0,0.0,6.25,,False,12.0704596894981,0.0,0.0,True,2026,True
2048,0,1000,legacy_mean,2.8262791753458147,1.5764758560421557,2.8262791753458147,1.5765751274027116,0.0,0,0.01625424803514765,0.0002486026387469309,1.4549966493964117e-15,-0.006590719390900943,0.014728210760734316,1000.0,0.0,6.25,,False,12.066874142681039,0.9921875,0.0078125,,2026,True
2048,0,1000,decision_directed_joint,1.052243244725922,1.0522432447259227,1.0522432447259218,1.0523951629558395,2.220446049250313e-16,0,1.1876890227254537e-16,6.6639738524618635e-16,1.073766133010815e-15,4.922586800488668e-05,-0.00011178673258689306,1000.0,0.0,6.25,,False,11.978006804634957,0.0,0.0,True,2026,True
2048,0,-3000,legacy_mean,3.465965173032316,2.5716157942690363,3.465965173032317,2.5716797238089004,8.881784197001252e-16,0,0.016099111710293282,0.000661240826848597,-1.5243599457733882e-15,-0.006487132547728565,0.014608186011034804,-3000.0,0.0,6.25,,False,14.098667464506608,0.015625,0.015625,,2026,True
2048,0,-3000,decision_directed_joint,1.0522614544954836,1.052261454495485,1.0522614544954836,1.0524133772497093,0.0,0,1.5592532051279938e-16,9.999969566910417e-16,-2.2859725190049607e-15,4.766956429059013e-05,-0.00011246227441699154,-3000.0,0.0,6.25,,False,14.019779612715814,0.0,0.0,True,2026,True
2048,0,3000,legacy_mean,2.8262728070340115,1.5764644333335842,2.8262728070340115,1.576563692641872,0.0,0,0.016254248054727242,0.00024859903704277375,2.078446643220784e-15,-0.00670151201366675,0.014678139126632446,3000.0,0.0,6.25,,False,14.066209774705962,0.9921875,0.0078125,,2026,True
2048,0,3000,decision_directed_joint,1.0522294365541716,1.052229436554172,1.0522294365541716,1.052381345405571,0.0,0,1.7553883790608112e-16,5.569110426817636e-16,2.563061461577786e-15,4.999918525517774e-05,-0.00011143796021426122,3000.0,0.0,6.25,,False,13.97236367807749,0.0,0.0,True,2026,True
2048,0,-4995,legacy_mean,2.808264524684695,1.5754934584021367,2.808264524684695,1.5755957938953014,0.0,0,0.01610225172977061,0.00046830825607199744,0.022749776590354428,-0.0063824161882583596,0.014652059180431753,-4993.75,1.25,3.125,,True,14.365135253563368,0.0078125,0.0078125,,2026,True
2048,0,-4995,decision_directed_joint,1.05254423376279,1.0522658487655192,1.05254423376279,1.05241776668349,0.0,0,2.980263433458954e-06,0.000397057825449362,0.02274973806200701,4.5482086682786284e-05,-0.00011541560645957592,-4993.75,1.25,3.125,,True,14.272865234344751,0.0,0.0,True,2026,True
2048,0,4995,legacy_mean,2.8081749348394367,1.5754450280469317,2.8081749348394367,1.5755473436063938,0.0,0,0.016105954274179112,0.00046822587148315605,-0.022749796758580795,-0.006893612066784213,0.01442273246451861,4993.75,1.25,3.125,,True,14.395958273381822,0.0078125,0.0078125,,2026,True
2048,0,4995,decision_directed_joint,1.0524388197759487,1.0522125404441938,1.0524388197759487,1.05236443521429,0.0,0,2.9801077617115015e-06,0.00039705821611066126,-0.022749758657192518,5.208023396777173e-05,-0.0001084075174327178,4993.75,1.25,3.125,,True,14.326499948363702,0.0,0.0,True,2026,True
2048,0,-6000,legacy_mean,12.219907032608525,1.5754956375076765,18.636185454552,1.5755979703868894,6.416278421943474,788,0.014431002103583905,0.30385437820770445,17.673984572171467,-0.0030976362055581625,0.013972787398757658,-5000.0,1000.0,3.125,,True,14.053022384192731,0.0078125,0.0078125,,2026,False
2048,0,-6000,decision_directed_joint,12.063827533552969,1.5765003831846451,18.489662144782223,1.576599671381929,6.425834611229254,759,0.008135490192663386,0.30414922583876125,17.554223754765513,0.007004583519430929,-0.004323950527058954,-5000.0,1000.0,3.125,,True,14.002663275307144,0.9921875,0.0078125,False,2026,False
2048,0,6000,legacy_mean,12.123949387400982,2.5729470269117525,18.904167079024155,2.57301039297817,6.780217691623173,796,0.017474717853643938,0.2913415903509794,-16.937165543542132,-0.010713836334893664,0.013662021646851652,5000.0,1000.0,3.125,,True,14.212960407969044,0.984375,0.015625,,2026,False
2048,0,6000,decision_directed_joint,11.978723327134272,1.0522028482269736,18.49333891855084,1.0523547341156767,6.514615591416568,748,0.0027745761024298007,0.29214575948189253,-16.892227506118186,-0.0025699715907360737,0.0007990323414527618,5000.0,1000.0,3.125,,True,14.188891188806869,0.0,0.0,False,2026,True
2048,4,0,legacy_mean,2.9211084938107668,1.769116981492149,2.9211084938107663,1.769397391805051,4.440892098500626e-16,0,0.016101611429965194,0.00031304868623460713,-1.5425546794887526e-16,-0.006507514248436825,0.01452950003094715,0.0,0.0,6.25,,False,2.9211084938107668,0.0,0.0,,2026,True
2048,4,0,decision_directed_joint,1.7691169814921481,1.769116981492149,1.7691169814921477,1.769397391805051,4.440892098500626e-16,0,1.321035975272168e-16,5.551401409996047e-16,3.2302345807348003e-16,0.00017821516635965068,-0.00011846613619382815,0.0,0.0,6.25,,False,1.7691169814921481,0.0,0.0,True,2026,True
2048,4,-100,legacy_mean,2.9213742431587866,1.7695560186050694,2.9213742431587866,1.7698301802821983,0.0,0,0.016101699748867604,0.00031320403378243267,1.3249806337812075e-15,-0.0065014648374437725,0.014537596000464621,-100.0,0.0,6.25,,False,3.4650104936757677,0.0,0.0,,2026,True
2048,4,-100,decision_directed_joint,1.7695560186050698,1.7695560186050694,1.7695560186050694,1.7698301802821983,4.440892098500626e-16,0,1.4296349687161413e-16,2.2270009323967413e-16,9.78273972736789e-16,0.00017904982528378806,-0.00011284626739065974,-100.0,0.0,6.25,,False,2.570327251338103,0.0,0.0,True,2026,True
2048,4,100,legacy_mean,2.9208216430288836,1.7686430059722171,2.9208216430288836,1.7689294534942446,0.0,0,0.0161015334948108,0.0003128810194034104,1.4938348912300771e-16,-0.006513833419726814,0.01452143927123457,100.0,0.0,6.25,,False,3.4449689815173303,0.0,0.0,,2026,True
2048,4,100,decision_directed_joint,1.7686430059722158,1.7686430059722171,1.7686430059722165,1.7689294534942446,6.661338147750939e-16,0,1.754057176790309e-16,7.771606155177828e-16,-1.5150105058732507e-16,0.00017711780910499488,-0.00012405671005273275,100.0,0.0,6.25,,False,2.543209491983639,0.0,0.0,True,2026,True
2048,4,-1000,legacy_mean,3.160693883703996,2.141964349071783,3.160693883703995,2.1421372829458396,8.881784197001252e-16,0,0.016101250960533803,0.00045883857163753206,-2.4250697364768654e-16,-0.006458539224648536,0.014610331523112908,-1000.0,0.0,6.25,,False,12.248127115843275,0.0078125,0.0078125,,2026,True
2048,4,-1000,decision_directed_joint,1.7718003609221125,1.7718003609221131,1.7718003609221125,1.7720110377178668,0.0,0,1.4546421797226229e-16,2.22111231668308e-16,3.1168407399732966e-16,0.0001748622394692062,-6.2910445288826e-05,-1000.0,0.0,6.25,,False,12.095092175824192,0.0,0.0,True,2026,True
2048,4,1000,legacy_mean,3.148905257052964,2.101037240694665,3.148905257052964,2.1013217183270108,0.0,0,0.01624967248253453,0.00044148381912501033,6.927939570547992e-16,-0.006484496061415803,0.01465733878551645,1000.0,0.0,6.25,,False,12.111143496901208,0.9921875,0.0078125,,2026,True
2048,4,1000,decision_directed_joint,1.763022328991664,1.7630223289916653,1.7630223289916636,1.7633516722836826,4.440892098500626e-16,0,9.888080215721546e-17,8.88430278506388e-16,1.2119845810520848e-15,0.0001557611540781165,-0.0001710979128628741,1000.0,0.0,6.25,,False,11.990813620906644,0.0,0.0,True,2026,True
2048,4,-3000,legacy_mean,3.156030385002601,2.1350705544855764,3.1560303850026012,2.1351238079032324,4.440892098500626e-16,0,0.016105404643535843,0.00045589117529765133,-2.425565427451266e-15,-0.006429133593951691,0.014736860835739626,-3000.0,0.0,6.25,,False,14.102980266262083,0.0078125,0.0078125,,2026,True
2048,4,-3000,decision_directed_joint,1.7658165955650476,1.7658165955650493,1.7658165955650476,1.7658827581288519,0.0,0,2.2095639447980986e-16,7.781797496349142e-16,-2.2861606078622397e-15,0.00010360760611218944,1.3976767408845417e-05,-3000.0,0.0,6.25,,False,14.021184202188824,0.0,0.0,True,2026,True
2048,4,3000,legacy_mean,3.139602785372709,2.087057132663943,3.139602785372708,2.0873311587811334,8.881784197001252e-16,0,0.016252083087392802,0.0004356307312581853,2.078551539646079e-15,-0.006704641528062955,0.014559928960097513,3000.0,0.0,6.25,,False,14.08777597027862,0.9921875,0.0078125,,2026,True
2048,4,3000,decision_directed_joint,1.7471759430816396,1.747175943081642,1.7471759430816396,1.7475069640520091,0.0,0,1.7803030508605e-16,1.222623027990971e-15,3.32459699441486e-15,5.1737163253519694e-05,-0.0002250424456512641,3000.0,0.0,6.25,,False,13.965424291988471,0.0,0.0,True,2026,True
2048,4,-4995,legacy_mean,2.910786789240814,1.7517941800943329,2.9107867892408135,1.7517942747878643,4.440892098500626e-16,0,0.01611243564285503,0.0006699997119391964,-0.03412942659998504,-0.00643892901552222,0.014776416678192092,-4996.875,1.875,3.125,,True,14.410616039179077,0.0,0.0,,2026,True
2048,4,-4995,decision_directed_joint,1.7520109734787725,1.7517941800943329,1.7520109734787723,1.7517942747878643,2.220446049250313e-16,0,4.392624037495949e-06,0.0005956709104164516,-0.034129426599986135,5.400805791520337e-06,1.1860659548477287e-05,-4996.875,1.875,3.125,,True,14.323756028963597,0.0,0.0,True,2026,True
2048,4,4995,legacy_mean,3.1460527004075103,2.1202225157365824,3.146052700407511,2.1204047828657506,8.881784197001252e-16,0,0.016107268332883118,0.0005997205572548706,-0.022750149053332638,-0.007013492154835391,0.014356415730536316,4993.75,1.25,3.125,,True,14.455687593187704,0.0078125,0.0078125,,2026,True
2048,4,4995,decision_directed_joint,1.73974675375713,1.7396375627563048,1.73974675375713,1.7398558927408845,0.0,0,2.952340169507961e-06,0.00039706355447829766,-0.022750064672696996,-6.261953836841482e-05,-0.00017377141739824756,4993.75,1.25,3.125,,True,14.373196446242655,0.0,0.0,True,2026,True
2048,4,-6000,legacy_mean,12.231276396087988,1.7457564380192772,18.631166445901705,1.7457674397818825,6.399890049813717,768,0.014460164808555545,0.30379615488352035,17.667930635735924,-0.0031446525658779365,0.014098434914755379,-5000.0,1000.0,3.125,,True,14.038237284017347,0.0,0.0,,2026,False
2048,4,-6000,decision_directed_joint,12.091735036770832,1.7457564380192772,18.499571179920146,1.7457674397818825,6.407836143149314,758,0.005695038102541212,0.30400281534126855,17.52319505276777,0.005553123125219028,-0.0011218695449688194,-5000.0,1000.0,3.125,,True,14.011879492249927,0.0,0.0,False,2026,False
2048,4,6000,legacy_mean,12.122839873391738,2.0776463951666004,18.80292368440551,2.077760602912751,6.6800838110137715,793,0.017416036013211473,0.2930405537341951,-17.037264406436922,-0.010831101931239888,0.01359591892707825,5000.0,1000.0,3.125,,True,14.261280357391188,0.9921875,0.0078125,,2026,False
2048,4,6000,decision_directed_joint,12.016453893812331,1.7416959110269243,18.495080477705084,1.7418430121191324,6.478626583892753,766,0.0037456639245854314,0.2965408933445815,-17.14965142749924,-0.003548853357252456,-0.0015787836766290846,5000.0,1000.0,3.125,,True,14.212685893994198,0.0,0.0,False,2026,False
16384,0,0,legacy_mean,1.4819745941108011,1.059259123642019,1.481974594110801,1.0592881166515138,2.220446049250313e-16,0,0.007181520578339302,0.00011220245406728946,-1.644386911199177e-15,-0.007127970085967398,2.657180310265522e-05,0.0,0.0,6.25,,False,1.4819745941108011,0.0,0.0,,16362,True
16384,0,0,decision_directed_joint,1.059259123642014,1.059259123642019,1.0592591236420137,1.0592881166515138,2.220446049250313e-16,0,8.681136645471548e-17,4.996017725854525e-15,-6.804408613997677e-16,5.3502816222814574e-05,4.036503250887963e-07,0.0,0.0,6.25,,False,1.059259123642014,0.0,0.0,True,16362,True
16384,0,-100,legacy_mean,1.4819743190579386,1.059258738738207,1.4819743190579382,1.0592877317543306,4.440892098500626e-16,0,0.00718152057676517,0.00011220237253373178,-1.06857623846928e-15,-0.007127960478705804,2.90349645193673e-05,-100.0,0.0,6.25,,False,11.416193403003563,0.0,0.0,,16362,True
16384,0,-100,decision_directed_joint,1.0592587387382022,1.059258738738207,1.0592587387382022,1.0592877317543306,0.0,0,6.523532493769245e-17,4.4409077899571e-15,-6.764017969507057e-16,5.350295003345683e-05,3.850747638134709e-07,-100.0,0.0,6.25,,False,11.382259429178442,0.0,0.0,True,16362,True
16384,0,100,legacy_mean,1.4819748626487679,1.059259499428954,1.4819748626487677,1.059288492429551,2.220446049250313e-16,0,0.007181520578288321,0.00011220253367083544,-8.962252331285405e-16,-0.007127978842781319,2.4108638512899956e-05,100.0,0.0,6.25,,False,11.392878565272316,0.0,0.0,,16362,True
16384,0,100,decision_directed_joint,1.0592594994289466,1.059259499428954,1.0592594994289464,1.059288492429551,2.220446049250313e-16,0,1.0852228161519111e-16,6.8833870256792895e-15,-4.3944575378576094e-16,5.350267360755903e-05,4.2222584482440626e-07,100.0,0.0,6.25,,False,11.355607119456035,0.0,0.0,True,16362,True
16384,0,-1000,legacy_mean,1.481971550413688,1.059254864345579,1.4819715504136879,1.0592838573193248,2.220446049250313e-16,0,0.0071815204894670965,0.00011220155183544467,-7.893629298139137e-15,-0.007127835743428978,5.1203226075995595e-05,-1000.0,0.0,6.25,,False,14.382440715857678,0.0,0.0,,16362,True
16384,0,-1000,decision_directed_joint,1.0592548643455724,1.059254864345579,1.0592548643455724,1.0592838573193248,0.0,0,9.929371368382881e-17,5.7745416477485545e-15,-7.237887163071122e-15,5.350375812023314e-05,2.1789361583795136e-07,-1000.0,0.0,6.25,,False,14.312632022595158,0.0,0.0,True,16362,True
16384,0,1000,legacy_mean,1.4819769863218213,1.059262471254358,1.4819769863218213,1.0592914640728623,0.0,0,0.00718152050469999,0.00011220316318516499,5.894369532726942e-15,-0.007128019383821861,1.940062825256522e-06,1000.0,0.0,6.25,,False,14.41002448963989,0.0,0.0,,16362,True
16384,0,1000,decision_directed_joint,1.0592624712543512,1.059262471254358,1.0592624712543512,1.0592914640728623,0.0,0,6.999518611295184e-17,6.8840388999508744e-15,5.445648480699577e-15,5.350099386579928e-05,5.894028803225968e-07,1000.0,0.0,6.25,,False,14.353134507455243,0.0,0.0,True,16362,True
16384,0,-3000,legacy_mean,1.8825922655594174,1.5717567080031736,1.8825922655594172,1.5717765085125537,2.220446049250313e-16,0,0.00718078354310103,0.00024700743084382637,-2.0543784711192636e-14,-0.007127160876498694,0.00010047372782403189,-3000.0,0.0,6.25,,False,14.720603682515982,0.0078125,0.0078125,,16362,True
16384,0,-3000,decision_directed_joint,1.0592436108192236,1.0592436108192305,1.0592436108192234,1.0592726030412498,2.220446049250313e-16,0,3.642938061243282e-18,6.560992444118031e-15,-2.1436906280058066e-14,5.3503000556009116e-05,-1.536135293940744e-07,-3000.0,0.0,6.25,,False,14.642920961264167,0.0,0.0,True,16362,True
16384,0,3000,legacy_mean,1.8826082876470207,1.5717759081178264,1.8826082876470203,1.5717957081673748,4.440892098500626e-16,0,0.007180783595419158,0.0002470134641292532,1.792413038245056e-14,-0.007127711616907885,-4.7415610510660695e-05,3000.0,0.0,6.25,,False,14.6441723453365,0.0078125,0.0078125,,16362,True
16384,0,3000,decision_directed_joint,1.0592664315779254,1.0592664315779317,1.0592664315779254,1.0592954233342773,0.0,0,8.74034074459187e-17,5.8930744230300685e-15,1.8541890444532466e-14,5.349470790272891e-05,9.608767937855633e-07,3000.0,0.0,6.25,,False,14.574561505961888,0.0,0.0,True,16362,True
16384,0,-4995,legacy_mean,1.4935578158170009,1.0592287531567663,1.4935578158170006,1.0592577437253465,2.220446049250313e-16,0,0.007193511635963015,0.003215345347417107,0.1841209603693196,-0.007137887502478716,0.00017432897970867382,-4993.75,1.25,3.125,,True,14.524437507842958,0.0,0.0,,16362,True
16384,0,-4995,decision_directed_joint,1.0754087581754215,1.0592287531567663,1.0754087581754213,1.0592577437253465,2.220446049250313e-16,0,1.2084733139461218e-05,0.003213519223578792,0.18412096036931885,4.152862591767781e-05,1.1363373395668409e-06,-4993.75,1.25,3.125,,True,14.453021694671392,0.0,0.0,True,16362,True
16384,0,4995,legacy_mean,1.8913266560791162,1.5717776968287596,1.8913266560791162,1.571797495428351,0.0,0,0.007168761315285207,0.003222736011588145,-0.18412091166579245,-0.007114822902969661,-0.00012083910842765746,4993.75,1.25,3.125,,True,14.497965620318412,0.0078125,0.0078125,,16362,True
16384,0,4995,decision_directed_joint,1.075412175075588,1.059266749827402,1.0754121750755878,1.0592957396207847,2.220446049250313e-16,0,1.2089482667950393e-05,0.003213518403638785,-0.1841209576403519,6.551686051446074e-05,1.5311744707304615e-07,4993.75,1.25,3.125,,True,14.437040095549214,0.0,0.0,True,16362,True
16384,0,-6000,legacy_mean,14.384747943517556,1.0592198948233078,124.25664668637052,1.0592488842171266,109.87189874285296,14983,0.006192472504221376,1.8939851506754934,-169.73166321338678,0.004814271168370005,0.003959305433939741,-4993.75,1006.25,3.125,,True,14.596170332496802,0.0,0.0,,16362,False
16384,0,-6000,decision_directed_joint,14.331806769295707,1.0592198948233078,126.91130735182756,1.0592488842171266,112.57950058253185,14894,0.003532341299053068,1.9284666903434218,-168.53971977672902,0.003506880907772348,-0.0007433834156478124,-4987.5,1012.5,3.125,,True,14.512039417753716,0.0,0.0,False,16362,False
16384,0,6000,legacy_mean,14.4172224799891,1.0592655365590395,124.79513202366712,1.0592945250218158,110.37790954367802,15000,0.003922631324361493,1.4944768181654218,-103.54269699168589,-0.0016430857558993484,0.0035382827933487034,4990.625,1009.375,3.125,,True,14.606046291616986,0.0,0.0,,16362,False
16384,0,6000,decision_directed_joint,14.355440258734426,1.0592655365590395,126.94694529052504,1.0592945250218158,112.5915050317906,14911,0.00037816213917089364,1.5164145711448014,-102.93360090549592,-0.00032432943473136564,-1.484159083165815e-05,4993.75,1006.25,3.125,,True,14.54973191586834,0.0,0.0,False,16362,False
16384,4,0,legacy_mean,2.050734302510936,1.7697873632893408,2.0507343025109357,1.7699138933193546,4.440892098500626e-16,0,0.007181575764659826,0.00031315029098466507,-1.6112796049483475e-15,-0.007038279649508612,4.4191777079353126e-05,0.0,0.0,6.25,,False,2.050734302510936,0.0,0.0,,16362,True
16384,4,0,decision_directed_joint,1.769787363289328,1.7697873632893408,1.7697873632893275,1.7699138933193546,4.440892098500626e-16,0,4.448670299163523e-17,7.21651696782141e-15,-1.785800737884098e-15,0.00014324978311268822,1.8395034184707747e-05,0.0,0.0,6.25,,False,1.769787363289328,0.0,0.0,True,16362,True
16384,4,-100,legacy_mean,2.0501831229491225,1.7691482565296308,2.050183122949122,1.76925014074243,4.440892098500626e-16,0,0.007181499256177789,0.0003129242325122794,-1.5406918512345301e-15,-0.0070556319584528715,5.858455321064363e-05,-100.0,0.0,6.25,,False,11.4541979250717,0.0,0.0,,16362,True
16384,4,-100,decision_directed_joint,1.769148256529616,1.7691482565296308,1.7691482565296155,1.76925014074243,4.440892098500626e-16,0,8.898686914372575e-17,8.437820476875736e-15,-2.6366667290313515e-15,0.00012581135345436818,3.0238048202044252e-05,-100.0,0.0,6.25,,False,11.418598473487638,0.0,0.0,True,16362,True
16384,4,100,legacy_mean,2.0511244515862983,1.7702397155972383,2.051124451586298,1.7703886102407675,4.440892098500626e-16,0,0.007181694285575363,0.0003133103418175853,-5.60266994107238e-16,-0.007024823371615874,2.034212959539702e-05,100.0,0.0,6.25,,False,11.424844180996581,0.0,0.0,,16362,True
16384,4,100,decision_directed_joint,1.7702397155972291,1.7702397155972383,1.770239715597229,1.7703886102407675,2.220446049250313e-16,0,3.1036068556208147e-17,5.2180497376852026e-15,-2.283449784860141e-16,0.0001568332029936977,-2.931371054148266e-06,100.0,0.0,6.25,,False,11.391306194628061,0.0,0.0,True,16362,True
16384,4,-1000,legacy_mean,2.047044081134542,1.7655073348973136,2.0470440811345414,1.765584222654185,4.440892098500626e-16,0,0.007181167442694916,0.0003116379575690553,-7.619015605218408e-15,-0.00707662170456434,9.160736224324344e-05,-1000.0,0.0,6.25,,False,14.40096448786576,0.0,0.0,,16362,True
16384,4,-1000,decision_directed_joint,1.7655073348973007,1.7655073348973136,1.7655073348973007,1.765584222654185,0.0,0,1.4872933560938516e-16,7.10680948027734e-15,-8.030214510254658e-15,0.0001043668972985582,4.0926597265778455e-05,-1000.0,0.0,6.25,,False,14.336193683374463,0.0,0.0,True,16362,True
16384,4,1000,legacy_mean,2.0500354524727356,1.7689770188645033,2.050035452472735,1.7690075577649238,4.440892098500626e-16,0,0.007181698307895877,0.00031286367788097014,5.999133525460257e-15,-0.007254680780737566,-1.1849841962733596e-05,1000.0,0.0,6.25,,False,14.409845478277553,0.0,0.0,,16362,True
16384,4,1000,decision_directed_joint,1.7689770188644927,1.7689770188645033,1.7689770188644922,1.7690075577649238,4.440892098500626e-16,0,1.0377679513137977e-16,6.329068595882244e-15,5.755987670220674e-15,-7.298272544804373e-05,-1.375464816895727e-05,1000.0,0.0,6.25,,False,14.362335146881694,0.0,0.0,True,16362,True
16384,4,-3000,legacy_mean,2.357462361034542,2.117851549077106,2.3574623610345418,2.1178675189247373,4.440892098500626e-16,0,0.007180956704909888,0.00044837657936880326,-2.192749363946514e-14,-0.00723683326524994,8.132772157870746e-05,-3000.0,0.0,6.25,,False,14.727568861081775,0.0078125,0.0078125,,16362,True
16384,4,-3000,decision_directed_joint,1.7698394720541082,1.7698394720541208,1.7698394720541082,1.7698587269985384,0.0,0,3.7202570323200435e-17,6.783225769136263e-15,-2.1988875657484067e-14,-5.597171393784822e-05,-1.9752055531812476e-05,-3000.0,0.0,6.25,,False,14.64656095913578,0.0,0.0,True,16362,True
16384,4,3000,legacy_mean,2.048496793430172,1.7671925491322589,2.0484967934301714,1.7673800757872629,4.440892098500626e-16,0,0.007181031324414646,0.0003122329857524475,1.8753247401106117e-14,-0.00700967400052588,-6.906784944618845e-06,3000.0,0.0,6.25,,False,14.650029720173997,0.0,0.0,,16362,True
16384,4,3000,decision_directed_joint,1.767192549132249,1.7671925491322589,1.767192549132249,1.7673800757872629,0.0,0,4.0664452583555275e-17,5.560399396364978e-15,1.8402770841863692e-14,0.0001711925618022121,4.173780634879837e-05,3000.0,0.0,6.25,,False,14.583773262659342,0.0,0.0,True,16362,True
16384,4,-4995,legacy_mean,2.053260922913034,1.7632883554284007,2.053260922913034,1.7633546130204352,0.0,0,0.0071935518336940125,0.0032281283396553223,0.18411913819091869,-0.007088062997692183,0.0001824674678576126,-4993.75,1.25,3.125,,True,14.552232563921121,0.0,0.0,,16362,True
16384,4,-4995,decision_directed_joint,1.7727162935451009,1.7632883554284007,1.7727162935451006,1.7633546130204352,2.220446049250313e-16,0,1.1939100064180685e-05,0.0032134872824287424,0.18411913819091852,9.153912927486671e-05,9.893301101200608e-06,-4993.75,1.25,3.125,,True,14.468134194323126,0.0,0.0,True,16362,True
16384,4,4995,legacy_mean,2.057606604376547,1.7665669480817894,2.0576066043765464,1.766616849192014,4.440892098500626e-16,0,0.007169873266750212,0.003228302939354531,-0.18411915454761418,-0.0072593902482232,-0.00014783756112923078,4993.75,1.25,3.125,,True,14.509288902532019,0.0,0.0,,16362,True
16384,4,4995,decision_directed_joint,1.7777510627376842,1.7665669480817894,1.7777510627376838,1.766616849192014,4.440892098500626e-16,0,1.2085869600810955e-05,0.0032134874813093605,-0.18411915454761382,-7.859864310513862e-05,-2.771915179596597e-05,4993.75,1.25,3.125,,True,14.453824246859057,0.0,0.0,True,16362,True
16384,4,-6000,legacy_mean,14.393704886042253,1.7655538079596518,124.27996285673477,1.7656701538196036,109.88625797069251,14997,0.0062196741691503965,1.8936730726257522,-169.5986008506417,0.004864095673156535,0.003967443922088682,-4993.75,1006.25,3.125,,True,14.59527111057878,0.0,0.0,,16362,False
16384,4,-6000,decision_directed_joint,14.33543094841087,2.1152082229867397,126.91659933762294,2.115306044619804,112.58116838921207,14884,0.0030419446074796026,1.9285131075502844,-168.58060659879834,0.00311372584830977,-0.0006219341262358969,-4987.5,1012.5,3.125,,True,14.512224201309603,0.0078125,0.0078125,False,16362,False
16384,4,6000,legacy_mean,14.426202082452862,1.769687039832177,124.62229491750053,1.769747050363359,110.19609283504766,15007,0.00399861277422358,1.4878027559566933,-102.94648650031743,-0.0017526915955482464,0.0035180625544521875,4993.75,1006.25,3.125,,True,14.620073119918981,0.0,0.0,,16362,False
16384,4,6000,decision_directed_joint,14.36580506708302,1.769687039832177,126.56692125763071,1.769747050363359,112.2011161905477,14886,0.0014598170912737682,1.9277949781483101,168.29911030375587,0.00018701751198673192,0.0014287114254734256,5000.0,1000.0,3.125,,True,14.537615065441155,0.0,0.0,False,16362,False
